phenotype,mean,median,sd
Resistant,119.90712468193384,125,27.689134664586515
Susceptible,116.24487334137515,117,25.584307263778165
